{"count":1,"self":23.3475936,"total":23.6426369,"children":{"InitializeActuators":{"count":1,"self":0.0015603,"total":0.0015603,"children":null},"InitializeSensors":{"count":1,"self":0.0020469999999999998,"total":0.0020469999999999998,"children":null},"AgentSendState":{"count":918,"self":0.0050715,"total":0.018795799999999998,"children":{"CollectObservations":{"count":918,"self":0.0025501,"total":0.0025501,"children":null},"WriteActionMask":{"count":918,"self":0.00050539999999999992,"total":0.00050539999999999992,"children":null},"RequestDecision":{"count":918,"self":0.010668799999999999,"total":0.010668799999999999,"children":null}}},"DecideAction":{"count":918,"self":0.2615847,"total":0.2615847,"children":null},"AgentAct":{"count":918,"self":0.010556099999999999,"total":0.010556099999999999,"children":null}},"gauges":{"BallChaser.CumulativeReward":{"count":7,"max":3.0905993,"min":0.942586839,"runningAverage":1.6904422,"value":0.942586839,"weightedAverage":1.72185469}},"metadata":{"timer_format_version":"0.1.0","start_time_seconds":"1736228807","unity_version":"2023.2.20f1","command_line_arguments":"C:\/Program Files\/Unity 2023.2.20f1\/Editor\/Unity.exe -projectpath C:\\ml-agents\\Project -useHub -hubIPC -cloudEnvironment production","communication_protocol_version":"1.5.0","com.unity.ml-agents_version":"3.0.0-exp.1","scene_name":"New Scene","end_time_seconds":"1736228831"}}