{
    "name": "root",
    "gauges": {
        "BallChaser.Policy.Entropy.mean": {
            "value": 1.4474068880081177,
            "min": 1.4471412897109985,
            "max": 1.4474068880081177,
            "count": 9
        },
        "BallChaser.Policy.Entropy.sum": {
            "value": 15248.431640625,
            "min": 2956.509765625,
            "max": 15248.431640625,
            "count": 9
        },
        "BallChaser.Environment.EpisodeLength.mean": {
            "value": 1218.2857142857142,
            "min": 509.75,
            "max": 10800.0,
            "count": 5
        },
        "BallChaser.Environment.EpisodeLength.sum": {
            "value": 8528.0,
            "min": 2039.0,
            "max": 54000.0,
            "count": 5
        },
        "BallChaser.Step.mean": {
            "value": 499564.0,
            "min": 419802.0,
            "max": 499564.0,
            "count": 9
        },
        "BallChaser.Step.sum": {
            "value": 499564.0,
            "min": 419802.0,
            "max": 499564.0,
            "count": 9
        },
        "BallChaser.Policy.ExtrinsicValueEstimate.mean": {
            "value": 0.512178361415863,
            "min": -0.004592424724251032,
            "max": 0.512178361415863,
            "count": 9
        },
        "BallChaser.Policy.ExtrinsicValueEstimate.sum": {
            "value": 7.682675361633301,
            "min": -0.045924246311187744,
            "max": 7.682675361633301,
            "count": 9
        },
        "BallChaser.Environment.CumulativeReward.mean": {
            "value": 5.073857205254691,
            "min": 2.337987244129181,
            "max": 9.41603296995163,
            "count": 5
        },
        "BallChaser.Environment.CumulativeReward.sum": {
            "value": 35.51700043678284,
            "min": 9.717381715774536,
            "max": 35.51700043678284,
            "count": 5
        },
        "BallChaser.Policy.ExtrinsicReward.mean": {
            "value": 5.073857205254691,
            "min": 2.337987244129181,
            "max": 9.41603296995163,
            "count": 5
        },
        "BallChaser.Policy.ExtrinsicReward.sum": {
            "value": 35.51700043678284,
            "min": 9.717381715774536,
            "max": 35.51700043678284,
            "count": 5
        },
        "BallChaser.IsTraining.mean": {
            "value": 1.0,
            "min": 1.0,
            "max": 1.0,
            "count": 9
        },
        "BallChaser.IsTraining.sum": {
            "value": 1.0,
            "min": 1.0,
            "max": 1.0,
            "count": 9
        },
        "BallChaser.Losses.PolicyLoss.mean": {
            "value": 0.03696338747007152,
            "min": 0.03696338747007152,
            "max": 0.03696338747007152,
            "count": 1
        },
        "BallChaser.Losses.PolicyLoss.sum": {
            "value": 0.03696338747007152,
            "min": 0.03696338747007152,
            "max": 0.03696338747007152,
            "count": 1
        },
        "BallChaser.Losses.ValueLoss.mean": {
            "value": 0.0454038855774949,
            "min": 0.0454038855774949,
            "max": 0.0454038855774949,
            "count": 1
        },
        "BallChaser.Losses.ValueLoss.sum": {
            "value": 0.0454038855774949,
            "min": 0.0454038855774949,
            "max": 0.0454038855774949,
            "count": 1
        },
        "BallChaser.Policy.LearningRate.mean": {
            "value": 4.089309182140002e-05,
            "min": 4.089309182140002e-05,
            "max": 4.089309182140002e-05,
            "count": 1
        },
        "BallChaser.Policy.LearningRate.sum": {
            "value": 4.089309182140002e-05,
            "min": 4.089309182140002e-05,
            "max": 4.089309182140002e-05,
            "count": 1
        },
        "BallChaser.Policy.Epsilon.mean": {
            "value": 0.10817860000000001,
            "min": 0.10817860000000001,
            "max": 0.10817860000000001,
            "count": 1
        },
        "BallChaser.Policy.Epsilon.sum": {
            "value": 0.10817860000000001,
            "min": 0.10817860000000001,
            "max": 0.10817860000000001,
            "count": 1
        },
        "BallChaser.Policy.Beta.mean": {
            "value": 0.0008270421400000006,
            "min": 0.0008270421400000006,
            "max": 0.0008270421400000006,
            "count": 1
        },
        "BallChaser.Policy.Beta.sum": {
            "value": 0.0008270421400000006,
            "min": 0.0008270421400000006,
            "max": 0.0008270421400000006,
            "count": 1
        }
    },
    "metadata": {
        "timer_format_version": "0.1.0",
        "start_time_seconds": "1734574150",
        "python_version": "3.10.15 | packaged by Anaconda, Inc. | (main, Oct  3 2024, 07:22:19) [MSC v.1929 64 bit (AMD64)]",
        "command_line_arguments": "C:\\anaconda3\\envs\\mlagents110\\Scripts\\mlagents-learn config.yaml --run-id=ballchaser --resume",
        "mlagents_version": "1.1.0.dev0",
        "mlagents_envs_version": "1.1.0.dev0",
        "communication_protocol_version": "1.5.0",
        "pytorch_version": "2.5.1+cpu",
        "numpy_version": "1.23.5",
        "end_time_seconds": "1734574455"
    },
    "total": 305.522410399979,
    "count": 1,
    "self": 0.011995900073088706,
    "children": {
        "run_training.setup": {
            "total": 0.10304269997868687,
            "count": 1,
            "self": 0.10304269997868687
        },
        "TrainerController.start_learning": {
            "total": 305.4073717999272,
            "count": 1,
            "self": 1.4318454018794,
            "children": {
                "TrainerController._reset_env": {
                    "total": 8.824378299992532,
                    "count": 1,
                    "self": 8.824378299992532
                },
                "TrainerController.advance": {
                    "total": 295.0976320980117,
                    "count": 82602,
                    "self": 1.3515046981628984,
                    "children": {
                        "env_step": {
                            "total": 282.01627531216945,
                            "count": 82602,
                            "self": 223.54925871710293,
                            "children": {
                                "SubprocessEnvManager._take_step": {
                                    "total": 57.54732109489851,
                                    "count": 82602,
                                    "self": 3.6104007206158713,
                                    "children": {
                                        "TorchPolicy.evaluate": {
                                            "total": 53.936920374282636,
                                            "count": 82602,
                                            "self": 53.936920374282636
                                        }
                                    }
                                },
                                "workers": {
                                    "total": 0.919695500168018,
                                    "count": 82602,
                                    "self": 0.0,
                                    "children": {
                                        "worker_root": {
                                            "total": 296.0075690060621,
                                            "count": 82602,
                                            "is_parallel": true,
                                            "self": 136.30772129714023,
                                            "children": {
                                                "steps_from_proto": {
                                                    "total": 0.00022689998149871826,
                                                    "count": 1,
                                                    "is_parallel": true,